model,faithfulness_gt,helpfulness_gt,structure_gt,tts_gt,composite_gt,faithfulness_ocr,helpfulness_ocr,structure_ocr,tts_ocr,composite_ocr,delta_faithfulness,delta_helpfulness,delta_structure,delta_tts,delta_composite
llama3_8b_,0.95,0.86,0.77,0.98,0.89,0.76,0.8,0.8,0.95,0.83,-0.18999999999999995,-0.05999999999999994,0.030000000000000027,-0.030000000000000027,-0.06000000000000005
mistral_latest_,0.77,0.85,0.8,0.94,0.84,0.76,0.85,0.75,0.9,0.82,-0.010000000000000009,0.0,-0.050000000000000044,-0.039999999999999925,-0.020000000000000018
phi_latest_,0.36,0.42,0.48,0.26,0.38,0.48,0.39,0.38,0.28,0.38,0.12,-0.02999999999999997,-0.09999999999999998,0.020000000000000018,0.0
